"Program","Year","Period","Week Ending","Geo Level","State","State ANSI","Ag District","Ag District Code","County","County ANSI","Zip Code","Region","watershed_code","Watershed","Commodity","Data Item","Domain","Domain Category","Value","CV (%)"
"SURVEY","2025","YEAR","","NATIONAL","US TOTAL","","","","","","","","00000000","","CORN","CORN, GRAIN - PRODUCTION, MEASURED IN BU","TOTAL","NOT SPECIFIED","16,741,644,000",""
"SURVEY","2025","YEAR","","NATIONAL","US TOTAL","","","","","","","","00000000","","WHEAT","WHEAT - PRODUCTION, MEASURED IN BU","TOTAL","NOT SPECIFIED","1,927,026,000",""
"SURVEY","2024","YEAR","","NATIONAL","US TOTAL","","","","","","","","00000000","","CORN","CORN, GRAIN - PRODUCTION, MEASURED IN BU","TOTAL","NOT SPECIFIED","14,866,744,000",""
"SURVEY","2024","YEAR","","NATIONAL","US TOTAL","","","","","","","","00000000","","WHEAT","WHEAT - PRODUCTION, MEASURED IN BU","TOTAL","NOT SPECIFIED","1,971,301,000",""
"SURVEY","2023","YEAR","","NATIONAL","US TOTAL","","","","","","","","00000000","","CORN","CORN, GRAIN - PRODUCTION, MEASURED IN BU","TOTAL","NOT SPECIFIED","15,340,520,000",""
"SURVEY","2023","YEAR","","NATIONAL","US TOTAL","","","","","","","","00000000","","WHEAT","WHEAT - PRODUCTION, MEASURED IN BU","TOTAL","NOT SPECIFIED","1,803,942,000",""
"SURVEY","2022","YEAR","","NATIONAL","US TOTAL","","","","","","","","00000000","","CORN","CORN, GRAIN - PRODUCTION, MEASURED IN BU","TOTAL","NOT SPECIFIED","13,650,531,000",""
"SURVEY","2022","YEAR","","NATIONAL","US TOTAL","","","","","","","","00000000","","WHEAT","WHEAT - PRODUCTION, MEASURED IN BU","TOTAL","NOT SPECIFIED","1,649,713,000",""
"SURVEY","2021","YEAR","","NATIONAL","US TOTAL","","","","","","","","00000000","","CORN","CORN, GRAIN - PRODUCTION, MEASURED IN BU","TOTAL","NOT SPECIFIED","15,017,788,000",""
"SURVEY","2021","YEAR","","NATIONAL","US TOTAL","","","","","","","","00000000","","WHEAT","WHEAT - PRODUCTION, MEASURED IN BU","TOTAL","NOT SPECIFIED","1,646,254,000",""
"SURVEY","2020","YEAR","","NATIONAL","US TOTAL","","","","","","","","00000000","","CORN","CORN, GRAIN - PRODUCTION, MEASURED IN BU","TOTAL","NOT SPECIFIED","14,086,699,000",""
"SURVEY","2020","YEAR","","NATIONAL","US TOTAL","","","","","","","","00000000","","WHEAT","WHEAT - PRODUCTION, MEASURED IN BU","TOTAL","NOT SPECIFIED","1,819,673,000",""
"SURVEY","2019","YEAR","","NATIONAL","US TOTAL","","","","","","","","00000000","","CORN","CORN, GRAIN - PRODUCTION, MEASURED IN BU","TOTAL","NOT SPECIFIED","13,568,306,000",""
"SURVEY","2019","YEAR","","NATIONAL","US TOTAL","","","","","","","","00000000","","WHEAT","WHEAT - PRODUCTION, MEASURED IN BU","TOTAL","NOT SPECIFIED","1,932,017,000",""
"SURVEY","2018","YEAR","","NATIONAL","US TOTAL","","","","","","","","00000000","","CORN","CORN, GRAIN - PRODUCTION, MEASURED IN BU","TOTAL","NOT SPECIFIED","14,321,674,000",""
"SURVEY","2018","YEAR","","NATIONAL","US TOTAL","","","","","","","","00000000","","WHEAT","WHEAT - PRODUCTION, MEASURED IN BU","TOTAL","NOT SPECIFIED","1,885,361,000",""
"SURVEY","2017","YEAR","","NATIONAL","US TOTAL","","","","","","","","00000000","","CORN","CORN, GRAIN - PRODUCTION, MEASURED IN BU","TOTAL","NOT SPECIFIED","14,609,407,000",""
"SURVEY","2017","YEAR","","NATIONAL","US TOTAL","","","","","","","","00000000","","WHEAT","WHEAT - PRODUCTION, MEASURED IN BU","TOTAL","NOT SPECIFIED","1,740,910,000",""
"SURVEY","2016","YEAR","","NATIONAL","US TOTAL","","","","","","","","00000000","","CORN","CORN, GRAIN - PRODUCTION, MEASURED IN BU","TOTAL","NOT SPECIFIED","15,148,038,000",""
"SURVEY","2016","YEAR","","NATIONAL","US TOTAL","","","","","","","","00000000","","WHEAT","WHEAT - PRODUCTION, MEASURED IN BU","TOTAL","NOT SPECIFIED","2,308,663,000",""
"SURVEY","2015","YEAR","","NATIONAL","US TOTAL","","","","","","","","00000000","","CORN","CORN, GRAIN - PRODUCTION, MEASURED IN BU","TOTAL","NOT SPECIFIED","13,601,964,000",""
"SURVEY","2015","YEAR","","NATIONAL","US TOTAL","","","","","","","","00000000","","WHEAT","WHEAT - PRODUCTION, MEASURED IN BU","TOTAL","NOT SPECIFIED","2,061,939,000",""
"SURVEY","2014","YEAR","","NATIONAL","US TOTAL","","","","","","","","00000000","","CORN","CORN, GRAIN - PRODUCTION, MEASURED IN BU","TOTAL","NOT SPECIFIED","14,217,292,000",""
"SURVEY","2014","YEAR","","NATIONAL","US TOTAL","","","","","","","","00000000","","WHEAT","WHEAT - PRODUCTION, MEASURED IN BU","TOTAL","NOT SPECIFIED","2,026,310,000",""
"SURVEY","2013","YEAR","","NATIONAL","US TOTAL","","","","","","","","00000000","","CORN","CORN, GRAIN - PRODUCTION, MEASURED IN BU","TOTAL","NOT SPECIFIED","13,830,704,000",""
"SURVEY","2013","YEAR","","NATIONAL","US TOTAL","","","","","","","","00000000","","WHEAT","WHEAT - PRODUCTION, MEASURED IN BU","TOTAL","NOT SPECIFIED","2,134,979,000",""
"SURVEY","2012","YEAR","","NATIONAL","US TOTAL","","","","","","","","00000000","","CORN","CORN, GRAIN - PRODUCTION, MEASURED IN BU","TOTAL","NOT SPECIFIED","10,755,111,000",""
"SURVEY","2012","YEAR","","NATIONAL","US TOTAL","","","","","","","","00000000","","WHEAT","WHEAT - PRODUCTION, MEASURED IN BU","TOTAL","NOT SPECIFIED","2,252,307,000",""
"SURVEY","2011","YEAR","","NATIONAL","US TOTAL","","","","","","","","00000000","","CORN","CORN, GRAIN - PRODUCTION, MEASURED IN BU","TOTAL","NOT SPECIFIED","12,313,956,000",""
"SURVEY","2011","YEAR","","NATIONAL","US TOTAL","","","","","","","","00000000","","WHEAT","WHEAT - PRODUCTION, MEASURED IN BU","TOTAL","NOT SPECIFIED","1,993,111,000",""
"SURVEY","2010","YEAR","","NATIONAL","US TOTAL","","","","","","","","00000000","","CORN","CORN, GRAIN - PRODUCTION, MEASURED IN BU","TOTAL","NOT SPECIFIED","12,425,330,000",""
"SURVEY","2010","YEAR","","NATIONAL","US TOTAL","","","","","","","","00000000","","WHEAT","WHEAT - PRODUCTION, MEASURED IN BU","TOTAL","NOT SPECIFIED","2,163,023,000",""
"SURVEY","2009","YEAR","","NATIONAL","US TOTAL","","","","","","","","00000000","","CORN","CORN, GRAIN - PRODUCTION, MEASURED IN BU","TOTAL","NOT SPECIFIED","13,067,156,000",""
"SURVEY","2009","YEAR","","NATIONAL","US TOTAL","","","","","","","","00000000","","WHEAT","WHEAT - PRODUCTION, MEASURED IN BU","TOTAL","NOT SPECIFIED","2,208,918,000",""
"SURVEY","2008","YEAR","","NATIONAL","US TOTAL","","","","","","","","00000000","","CORN","CORN, GRAIN - PRODUCTION, MEASURED IN BU","TOTAL","NOT SPECIFIED","12,043,203,000",""
"SURVEY","2008","YEAR","","NATIONAL","US TOTAL","","","","","","","","00000000","","WHEAT","WHEAT - PRODUCTION, MEASURED IN BU","TOTAL","NOT SPECIFIED","2,511,896,000",""
"SURVEY","2007","YEAR","","NATIONAL","US TOTAL","","","","","","","","00000000","","CORN","CORN, GRAIN - PRODUCTION, MEASURED IN BU","TOTAL","NOT SPECIFIED","13,037,875,000",""
"SURVEY","2007","YEAR","","NATIONAL","US TOTAL","","","","","","","","00000000","","WHEAT","WHEAT - PRODUCTION, MEASURED IN BU","TOTAL","NOT SPECIFIED","2,051,088,000",""
"SURVEY","2006","YEAR","","NATIONAL","US TOTAL","","","","","","","","00000000","","CORN","CORN, GRAIN - PRODUCTION, MEASURED IN BU","TOTAL","NOT SPECIFIED","10,531,123,000",""
"SURVEY","2006","YEAR","","NATIONAL","US TOTAL","","","","","","","","00000000","","WHEAT","WHEAT - PRODUCTION, MEASURED IN BU","TOTAL","NOT SPECIFIED","1,808,416,000",""
"SURVEY","2005","YEAR","","NATIONAL","US TOTAL","","","","","","","","00000000","","CORN","CORN, GRAIN - PRODUCTION, MEASURED IN BU","TOTAL","NOT SPECIFIED","11,112,187,000",""
"SURVEY","2005","YEAR","","NATIONAL","US TOTAL","","","","","","","","00000000","","WHEAT","WHEAT - PRODUCTION, MEASURED IN BU","TOTAL","NOT SPECIFIED","2,103,325,000",""
"SURVEY","2004","YEAR","","NATIONAL","US TOTAL","","","","","","","","00000000","","CORN","CORN, GRAIN - PRODUCTION, MEASURED IN BU","TOTAL","NOT SPECIFIED","11,805,581,000",""
"SURVEY","2004","YEAR","","NATIONAL","US TOTAL","","","","","","","","00000000","","WHEAT","WHEAT - PRODUCTION, MEASURED IN BU","TOTAL","NOT SPECIFIED","2,156,790,000",""
"SURVEY","2003","YEAR","","NATIONAL","US TOTAL","","","","","","","","00000000","","CORN","CORN, GRAIN - PRODUCTION, MEASURED IN BU","TOTAL","NOT SPECIFIED","10,087,292,000",""
"SURVEY","2003","YEAR","","NATIONAL","US TOTAL","","","","","","","","00000000","","WHEAT","WHEAT - PRODUCTION, MEASURED IN BU","TOTAL","NOT SPECIFIED","2,344,415,000",""
"SURVEY","2002","YEAR","","NATIONAL","US TOTAL","","","","","","","","00000000","","CORN","CORN, GRAIN - PRODUCTION, MEASURED IN BU","TOTAL","NOT SPECIFIED","8,966,787,000",""
"SURVEY","2002","YEAR","","NATIONAL","US TOTAL","","","","","","","","00000000","","WHEAT","WHEAT - PRODUCTION, MEASURED IN BU","TOTAL","NOT SPECIFIED","1,605,878,000",""
"SURVEY","2001","YEAR","","NATIONAL","US TOTAL","","","","","","","","00000000","","CORN","CORN, GRAIN - PRODUCTION, MEASURED IN BU","TOTAL","NOT SPECIFIED","9,502,580,000",""
"SURVEY","2001","YEAR","","NATIONAL","US TOTAL","","","","","","","","00000000","","WHEAT","WHEAT - PRODUCTION, MEASURED IN BU","TOTAL","NOT SPECIFIED","1,947,453,000",""
"SURVEY","2000","YEAR","","NATIONAL","US TOTAL","","","","","","","","00000000","","CORN","CORN, GRAIN - PRODUCTION, MEASURED IN BU","TOTAL","NOT SPECIFIED","9,915,051,000",""
"SURVEY","2000","YEAR","","NATIONAL","US TOTAL","","","","","","","","00000000","","WHEAT","WHEAT - PRODUCTION, MEASURED IN BU","TOTAL","NOT SPECIFIED","2,228,160,000",""
"SURVEY","1999","YEAR","","NATIONAL","US TOTAL","","","","","","","","00000000","","CORN","CORN, GRAIN - PRODUCTION, MEASURED IN BU","TOTAL","NOT SPECIFIED","9,430,612,000",""
"SURVEY","1999","YEAR","","NATIONAL","US TOTAL","","","","","","","","00000000","","WHEAT","WHEAT - PRODUCTION, MEASURED IN BU","TOTAL","NOT SPECIFIED","2,295,560,000",""
"SURVEY","1998","YEAR","","NATIONAL","US TOTAL","","","","","","","","00000000","","CORN","CORN, GRAIN - PRODUCTION, MEASURED IN BU","TOTAL","NOT SPECIFIED","9,758,685,000",""
"SURVEY","1998","YEAR","","NATIONAL","US TOTAL","","","","","","","","00000000","","WHEAT","WHEAT - PRODUCTION, MEASURED IN BU","TOTAL","NOT SPECIFIED","2,547,321,000",""
"SURVEY","1997","YEAR","","NATIONAL","US TOTAL","","","","","","","","00000000","","CORN","CORN, GRAIN - PRODUCTION, MEASURED IN BU","TOTAL","NOT SPECIFIED","9,206,832,000",""
"SURVEY","1997","YEAR","","NATIONAL","US TOTAL","","","","","","","","00000000","","WHEAT","WHEAT - PRODUCTION, MEASURED IN BU","TOTAL","NOT SPECIFIED","2,481,466,000",""
"SURVEY","1996","YEAR","","NATIONAL","US TOTAL","","","","","","","","00000000","","CORN","CORN, GRAIN - PRODUCTION, MEASURED IN BU","TOTAL","NOT SPECIFIED","9,232,557,000",""
"SURVEY","1996","YEAR","","NATIONAL","US TOTAL","","","","","","","","00000000","","WHEAT","WHEAT - PRODUCTION, MEASURED IN BU","TOTAL","NOT SPECIFIED","2,277,388,000",""
"SURVEY","1995","YEAR","","NATIONAL","US TOTAL","","","","","","","","00000000","","CORN","CORN, GRAIN - PRODUCTION, MEASURED IN BU","TOTAL","NOT SPECIFIED","7,400,051,000",""
"SURVEY","1995","YEAR","","NATIONAL","US TOTAL","","","","","","","","00000000","","WHEAT","WHEAT - PRODUCTION, MEASURED IN BU","TOTAL","NOT SPECIFIED","2,182,708,000",""
"SURVEY","1994","YEAR","","NATIONAL","US TOTAL","","","","","","","","00000000","","CORN","CORN, GRAIN - PRODUCTION, MEASURED IN BU","TOTAL","NOT SPECIFIED","10,050,520,000",""
"SURVEY","1994","YEAR","","NATIONAL","US TOTAL","","","","","","","","00000000","","WHEAT","WHEAT - PRODUCTION, MEASURED IN BU","TOTAL","NOT SPECIFIED","2,320,981,000",""
"SURVEY","1993","YEAR","","NATIONAL","US TOTAL","","","","","","","","00000000","","CORN","CORN, GRAIN - PRODUCTION, MEASURED IN BU","TOTAL","NOT SPECIFIED","6,337,730,000",""
"SURVEY","1993","YEAR","","NATIONAL","US TOTAL","","","","","","","","00000000","","WHEAT","WHEAT - PRODUCTION, MEASURED IN BU","TOTAL","NOT SPECIFIED","2,396,440,000",""
"SURVEY","1992","YEAR","","NATIONAL","US TOTAL","","","","","","","","00000000","","CORN","CORN, GRAIN - PRODUCTION, MEASURED IN BU","TOTAL","NOT SPECIFIED","9,476,698,000",""
"SURVEY","1992","YEAR","","NATIONAL","US TOTAL","","","","","","","","00000000","","WHEAT","WHEAT - PRODUCTION, MEASURED IN BU","TOTAL","NOT SPECIFIED","2,466,798,000",""
"SURVEY","1991","YEAR","","NATIONAL","US TOTAL","","","","","","","","00000000","","CORN","CORN, GRAIN - PRODUCTION, MEASURED IN BU","TOTAL","NOT SPECIFIED","7,474,765,000",""
"SURVEY","1991","YEAR","","NATIONAL","US TOTAL","","","","","","","","00000000","","WHEAT","WHEAT - PRODUCTION, MEASURED IN BU","TOTAL","NOT SPECIFIED","1,980,139,000",""
"SURVEY","1990","YEAR","","NATIONAL","US TOTAL","","","","","","","","00000000","","CORN","CORN, GRAIN - PRODUCTION, MEASURED IN BU","TOTAL","NOT SPECIFIED","7,934,028,000",""
"SURVEY","1990","YEAR","","NATIONAL","US TOTAL","","","","","","","","00000000","","WHEAT","WHEAT - PRODUCTION, MEASURED IN BU","TOTAL","NOT SPECIFIED","2,729,778,000",""
"SURVEY","1989","YEAR","","NATIONAL","US TOTAL","","","","","","","","00000000","","CORN","CORN, GRAIN - PRODUCTION, MEASURED IN BU","TOTAL","NOT SPECIFIED","7,531,953,000",""
"SURVEY","1989","YEAR","","NATIONAL","US TOTAL","","","","","","","","00000000","","WHEAT","WHEAT - PRODUCTION, MEASURED IN BU","TOTAL","NOT SPECIFIED","2,036,618,000",""
"SURVEY","1988","YEAR","","NATIONAL","US TOTAL","","","","","","","","00000000","","CORN","CORN, GRAIN - PRODUCTION, MEASURED IN BU","TOTAL","NOT SPECIFIED","4,928,681,000",""
"SURVEY","1988","YEAR","","NATIONAL","US TOTAL","","","","","","","","00000000","","WHEAT","WHEAT - PRODUCTION, MEASURED IN BU","TOTAL","NOT SPECIFIED","1,812,201,000",""
"SURVEY","1987","YEAR","","NATIONAL","US TOTAL","","","","","","","","00000000","","CORN","CORN, GRAIN - PRODUCTION, MEASURED IN BU","TOTAL","NOT SPECIFIED","7,131,300,000",""
"SURVEY","1987","YEAR","","NATIONAL","US TOTAL","","","","","","","","00000000","","WHEAT","WHEAT - PRODUCTION, MEASURED IN BU","TOTAL","NOT SPECIFIED","2,107,685,000",""
"SURVEY","1986","YEAR","","NATIONAL","US TOTAL","","","","","","","","00000000","","CORN","CORN, GRAIN - PRODUCTION, MEASURED IN BU","TOTAL","NOT SPECIFIED","8,225,764,000",""
"SURVEY","1986","YEAR","","NATIONAL","US TOTAL","","","","","","","","00000000","","WHEAT","WHEAT - PRODUCTION, MEASURED IN BU","TOTAL","NOT SPECIFIED","2,090,570,000",""
"SURVEY","1985","YEAR","","NATIONAL","US TOTAL","","","","","","","","00000000","","CORN","CORN, GRAIN - PRODUCTION, MEASURED IN BU","TOTAL","NOT SPECIFIED","8,875,453,000",""
"SURVEY","1985","YEAR","","NATIONAL","US TOTAL","","","","","","","","00000000","","WHEAT","WHEAT - PRODUCTION, MEASURED IN BU","TOTAL","NOT SPECIFIED","2,424,115,000",""
"SURVEY","1984","YEAR","","NATIONAL","US TOTAL","","","","","","","","00000000","","CORN","CORN, GRAIN - PRODUCTION, MEASURED IN BU","TOTAL","NOT SPECIFIED","7,672,130,000",""
"SURVEY","1984","YEAR","","NATIONAL","US TOTAL","","","","","","","","00000000","","WHEAT","WHEAT - PRODUCTION, MEASURED IN BU","TOTAL","NOT SPECIFIED","2,594,777,000",""
"SURVEY","1983","YEAR","","NATIONAL","US TOTAL","","","","","","","","00000000","","CORN","CORN, GRAIN - PRODUCTION, MEASURED IN BU","TOTAL","NOT SPECIFIED","4,174,251,000",""
"SURVEY","1983","YEAR","","NATIONAL","US TOTAL","","","","","","","","00000000","","WHEAT","WHEAT - PRODUCTION, MEASURED IN BU","TOTAL","NOT SPECIFIED","2,419,824,000",""
"SURVEY","1982","YEAR","","NATIONAL","US TOTAL","","","","","","","","00000000","","CORN","CORN, GRAIN - PRODUCTION, MEASURED IN BU","TOTAL","NOT SPECIFIED","8,235,101,000",""
"SURVEY","1982","YEAR","","NATIONAL","US TOTAL","","","","","","","","00000000","","WHEAT","WHEAT - PRODUCTION, MEASURED IN BU","TOTAL","NOT SPECIFIED","2,764,967,000",""
"SURVEY","1981","YEAR","","NATIONAL","US TOTAL","","","","","","","","00000000","","CORN","CORN, GRAIN - PRODUCTION, MEASURED IN BU","TOTAL","NOT SPECIFIED","8,118,650,000",""
"SURVEY","1981","YEAR","","NATIONAL","US TOTAL","","","","","","","","00000000","","WHEAT","WHEAT - PRODUCTION, MEASURED IN BU","TOTAL","NOT SPECIFIED","2,785,357,000",""
"SURVEY","1980","YEAR","","NATIONAL","US TOTAL","","","","","","","","00000000","","CORN","CORN, GRAIN - PRODUCTION, MEASURED IN BU","TOTAL","NOT SPECIFIED","6,639,396,000",""
"SURVEY","1980","YEAR","","NATIONAL","US TOTAL","","","","","","","","00000000","","WHEAT","WHEAT - PRODUCTION, MEASURED IN BU","TOTAL","NOT SPECIFIED","2,380,934,000",""
"SURVEY","1979","YEAR","","NATIONAL","US TOTAL","","","","","","","","00000000","","CORN","CORN, GRAIN - PRODUCTION, MEASURED IN BU","TOTAL","NOT SPECIFIED","7,928,139,000",""
"SURVEY","1979","YEAR","","NATIONAL","US TOTAL","","","","","","","","00000000","","WHEAT","WHEAT - PRODUCTION, MEASURED IN BU","TOTAL","NOT SPECIFIED","2,134,060,000",""
"SURVEY","1978","YEAR","","NATIONAL","US TOTAL","","","","","","","","00000000","","CORN","CORN, GRAIN - PRODUCTION, MEASURED IN BU","TOTAL","NOT SPECIFIED","7,267,927,000",""
"SURVEY","1978","YEAR","","NATIONAL","US TOTAL","","","","","","","","00000000","","WHEAT","WHEAT - PRODUCTION, MEASURED IN BU","TOTAL","NOT SPECIFIED","1,775,524,000",""
"SURVEY","1977","YEAR","","NATIONAL","US TOTAL","","","","","","","","00000000","","CORN","CORN, GRAIN - PRODUCTION, MEASURED IN BU","TOTAL","NOT SPECIFIED","6,505,041,000",""
"SURVEY","1977","YEAR","","NATIONAL","US TOTAL","","","","","","","","00000000","","WHEAT","WHEAT - PRODUCTION, MEASURED IN BU","TOTAL","NOT SPECIFIED","2,045,527,000",""
"SURVEY","1976","YEAR","","NATIONAL","US TOTAL","","","","","","","","00000000","","CORN","CORN, GRAIN - PRODUCTION, MEASURED IN BU","TOTAL","NOT SPECIFIED","6,289,169,000",""
"SURVEY","1976","YEAR","","NATIONAL","US TOTAL","","","","","","","","00000000","","WHEAT","WHEAT - PRODUCTION, MEASURED IN BU","TOTAL","NOT SPECIFIED","2,148,780,000",""
"SURVEY","1975","YEAR","","NATIONAL","US TOTAL","","","","","","","","00000000","","CORN","CORN, GRAIN - PRODUCTION, MEASURED IN BU","TOTAL","NOT SPECIFIED","5,840,757,000",""
"SURVEY","1975","YEAR","","NATIONAL","US TOTAL","","","","","","","","00000000","","WHEAT","WHEAT - PRODUCTION, MEASURED IN BU","TOTAL","NOT SPECIFIED","2,126,927,000",""
"SURVEY","1974","YEAR","","NATIONAL","US TOTAL","","","","","","","","00000000","","CORN","CORN, GRAIN - PRODUCTION, MEASURED IN BU","TOTAL","NOT SPECIFIED","4,701,402,000",""
"SURVEY","1974","YEAR","","NATIONAL","US TOTAL","","","","","","","","00000000","","WHEAT","WHEAT - PRODUCTION, MEASURED IN BU","TOTAL","NOT SPECIFIED","1,781,918,000",""
"SURVEY","1973","YEAR","","NATIONAL","US TOTAL","","","","","","","","00000000","","CORN","CORN, GRAIN - PRODUCTION, MEASURED IN BU","TOTAL","NOT SPECIFIED","5,670,712,000",""
"SURVEY","1973","YEAR","","NATIONAL","US TOTAL","","","","","","","","00000000","","WHEAT","WHEAT - PRODUCTION, MEASURED IN BU","TOTAL","NOT SPECIFIED","1,710,787,000",""
"SURVEY","1972","YEAR","","NATIONAL","US TOTAL","","","","","","","","00000000","","CORN","CORN, GRAIN - PRODUCTION, MEASURED IN BU","TOTAL","NOT SPECIFIED","5,579,832,000",""
"SURVEY","1972","YEAR","","NATIONAL","US TOTAL","","","","","","","","00000000","","WHEAT","WHEAT - PRODUCTION, MEASURED IN BU","TOTAL","NOT SPECIFIED","1,546,209,000",""
"SURVEY","1971","YEAR","","NATIONAL","US TOTAL","","","","","","","","00000000","","CORN","CORN, GRAIN - PRODUCTION, MEASURED IN BU","TOTAL","NOT SPECIFIED","5,646,260,000",""
"SURVEY","1971","YEAR","","NATIONAL","US TOTAL","","","","","","","","00000000","","WHEAT","WHEAT - PRODUCTION, MEASURED IN BU","TOTAL","NOT SPECIFIED","1,618,636,000",""
"SURVEY","1970","YEAR","","NATIONAL","US TOTAL","","","","","","","","00000000","","CORN","CORN, GRAIN - PRODUCTION, MEASURED IN BU","TOTAL","NOT SPECIFIED","4,152,243,000",""
"SURVEY","1970","YEAR","","NATIONAL","US TOTAL","","","","","","","","00000000","","WHEAT","WHEAT - PRODUCTION, MEASURED IN BU","TOTAL","NOT SPECIFIED","1,351,558,000",""
"SURVEY","1969","YEAR","","NATIONAL","US TOTAL","","","","","","","","00000000","","CORN","CORN, GRAIN - PRODUCTION, MEASURED IN BU","TOTAL","NOT SPECIFIED","4,687,057,000",""
"SURVEY","1969","YEAR","","NATIONAL","US TOTAL","","","","","","","","00000000","","WHEAT","WHEAT - PRODUCTION, MEASURED IN BU","TOTAL","NOT SPECIFIED","1,442,679,000",""
"SURVEY","1968","YEAR","","NATIONAL","US TOTAL","","","","","","","","00000000","","CORN","CORN, GRAIN - PRODUCTION, MEASURED IN BU","TOTAL","NOT SPECIFIED","4,449,542,000",""
"SURVEY","1968","YEAR","","NATIONAL","US TOTAL","","","","","","","","00000000","","WHEAT","WHEAT - PRODUCTION, MEASURED IN BU","TOTAL","NOT SPECIFIED","1,556,635,000",""
"SURVEY","1967","YEAR","","NATIONAL","US TOTAL","","","","","","","","00000000","","CORN","CORN, GRAIN - PRODUCTION, MEASURED IN BU","TOTAL","NOT SPECIFIED","4,860,372,000",""
"SURVEY","1967","YEAR","","NATIONAL","US TOTAL","","","","","","","","00000000","","WHEAT","WHEAT - PRODUCTION, MEASURED IN BU","TOTAL","NOT SPECIFIED","1,507,598,000",""
"SURVEY","1966","YEAR","","NATIONAL","US TOTAL","","","","","","","","00000000","","CORN","CORN, GRAIN - PRODUCTION, MEASURED IN BU","TOTAL","NOT SPECIFIED","4,167,608,000",""
"SURVEY","1966","YEAR","","NATIONAL","US TOTAL","","","","","","","","00000000","","WHEAT","WHEAT - PRODUCTION, MEASURED IN BU","TOTAL","NOT SPECIFIED","1,304,889,000",""
"SURVEY","1965","YEAR","","NATIONAL","US TOTAL","","","","","","","","00000000","","CORN","CORN, GRAIN - PRODUCTION, MEASURED IN BU","TOTAL","NOT SPECIFIED","4,102,867,000",""
"SURVEY","1965","YEAR","","NATIONAL","US TOTAL","","","","","","","","00000000","","WHEAT","WHEAT - PRODUCTION, MEASURED IN BU","TOTAL","NOT SPECIFIED","1,315,603,000",""
"SURVEY","1964","YEAR","","NATIONAL","US TOTAL","","","","","","","","00000000","","CORN","CORN, GRAIN - PRODUCTION, MEASURED IN BU","TOTAL","NOT SPECIFIED","3,484,253,000",""
"SURVEY","1964","YEAR","","NATIONAL","US TOTAL","","","","","","","","00000000","","WHEAT","WHEAT - PRODUCTION, MEASURED IN BU","TOTAL","NOT SPECIFIED","1,283,371,000",""
"SURVEY","1963","YEAR","","NATIONAL","US TOTAL","","","","","","","","00000000","","CORN","CORN, GRAIN - PRODUCTION, MEASURED IN BU","TOTAL","NOT SPECIFIED","4,019,238,000",""
"SURVEY","1963","YEAR","","NATIONAL","US TOTAL","","","","","","","","00000000","","WHEAT","WHEAT - PRODUCTION, MEASURED IN BU","TOTAL","NOT SPECIFIED","1,146,821,000",""
"SURVEY","1962","YEAR","","NATIONAL","US TOTAL","","","","","","","","00000000","","CORN","CORN, GRAIN - PRODUCTION, MEASURED IN BU","TOTAL","NOT SPECIFIED","3,606,311,000",""
"SURVEY","1962","YEAR","","NATIONAL","US TOTAL","","","","","","","","00000000","","WHEAT","WHEAT - PRODUCTION, MEASURED IN BU","TOTAL","NOT SPECIFIED","1,091,958,000",""
"SURVEY","1961","YEAR","","NATIONAL","US TOTAL","","","","","","","","00000000","","CORN","CORN, GRAIN - PRODUCTION, MEASURED IN BU","TOTAL","NOT SPECIFIED","3,597,803,000",""
"SURVEY","1961","YEAR","","NATIONAL","US TOTAL","","","","","","","","00000000","","WHEAT","WHEAT - PRODUCTION, MEASURED IN BU","TOTAL","NOT SPECIFIED","1,232,359,000",""
"SURVEY","1960","YEAR","","NATIONAL","US TOTAL","","","","","","","","00000000","","CORN","CORN, GRAIN - PRODUCTION, MEASURED IN BU","TOTAL","NOT SPECIFIED","3,906,949,000",""
"SURVEY","1960","YEAR","","NATIONAL","US TOTAL","","","","","","","","00000000","","WHEAT","WHEAT - PRODUCTION, MEASURED IN BU","TOTAL","NOT SPECIFIED","1,354,709,000",""
"SURVEY","1959","YEAR","","NATIONAL","US TOTAL","","","","","","","","00000000","","CORN","CORN, GRAIN - PRODUCTION, MEASURED IN BU","TOTAL","NOT SPECIFIED","3,824,598,000",""
"SURVEY","1959","YEAR","","NATIONAL","US TOTAL","","","","","","","","00000000","","WHEAT","WHEAT - PRODUCTION, MEASURED IN BU","TOTAL","NOT SPECIFIED","1,117,735,000",""
"SURVEY","1958","YEAR","","NATIONAL","US TOTAL","","","","","","","","00000000","","CORN","CORN, GRAIN - PRODUCTION, MEASURED IN BU","TOTAL","NOT SPECIFIED","3,356,205,000",""
"SURVEY","1958","YEAR","","NATIONAL","US TOTAL","","","","","","","","00000000","","WHEAT","WHEAT - PRODUCTION, MEASURED IN BU","TOTAL","NOT SPECIFIED","1,457,435,000",""
"SURVEY","1957","YEAR","","NATIONAL","US TOTAL","","","","","","","","00000000","","CORN","CORN, GRAIN - PRODUCTION, MEASURED IN BU","TOTAL","NOT SPECIFIED","3,045,355,000",""
"SURVEY","1957","YEAR","","NATIONAL","US TOTAL","","","","","","","","00000000","","WHEAT","WHEAT - PRODUCTION, MEASURED IN BU","TOTAL","NOT SPECIFIED","955,740,000",""
"SURVEY","1956","YEAR","","NATIONAL","US TOTAL","","","","","","","","00000000","","CORN","CORN, GRAIN - PRODUCTION, MEASURED IN BU","TOTAL","NOT SPECIFIED","3,075,336,000",""
"SURVEY","1956","YEAR","","NATIONAL","US TOTAL","","","","","","","","00000000","","WHEAT","WHEAT - PRODUCTION, MEASURED IN BU","TOTAL","NOT SPECIFIED","1,005,397,000",""
"SURVEY","1955","YEAR","","NATIONAL","US TOTAL","","","","","","","","00000000","","CORN","CORN, GRAIN - PRODUCTION, MEASURED IN BU","TOTAL","NOT SPECIFIED","2,872,959,000",""
"SURVEY","1955","YEAR","","NATIONAL","US TOTAL","","","","","","","","00000000","","WHEAT","WHEAT - PRODUCTION, MEASURED IN BU","TOTAL","NOT SPECIFIED","937,094,000",""
"SURVEY","1954","YEAR","","NATIONAL","US TOTAL","","","","","","","","00000000","","CORN","CORN, GRAIN - PRODUCTION, MEASURED IN BU","TOTAL","NOT SPECIFIED","2,707,913,000",""
"SURVEY","1954","YEAR","","NATIONAL","US TOTAL","","","","","","","","00000000","","WHEAT","WHEAT - PRODUCTION, MEASURED IN BU","TOTAL","NOT SPECIFIED","983,900,000",""
"SURVEY","1953","YEAR","","NATIONAL","US TOTAL","","","","","","","","00000000","","CORN","CORN, GRAIN - PRODUCTION, MEASURED IN BU","TOTAL","NOT SPECIFIED","2,881,801,000",""
"SURVEY","1953","YEAR","","NATIONAL","US TOTAL","","","","","","","","00000000","","WHEAT","WHEAT - PRODUCTION, MEASURED IN BU","TOTAL","NOT SPECIFIED","1,173,071,000",""
"SURVEY","1952","YEAR","","NATIONAL","US TOTAL","","","","","","","","00000000","","CORN","CORN, GRAIN - PRODUCTION, MEASURED IN BU","TOTAL","NOT SPECIFIED","2,980,793,000",""
"SURVEY","1952","YEAR","","NATIONAL","US TOTAL","","","","","","","","00000000","","WHEAT","WHEAT - PRODUCTION, MEASURED IN BU","TOTAL","NOT SPECIFIED","1,306,440,000",""
"SURVEY","1951","YEAR","","NATIONAL","US TOTAL","","","","","","","","00000000","","CORN","CORN, GRAIN - PRODUCTION, MEASURED IN BU","TOTAL","NOT SPECIFIED","2,628,937,000",""
"SURVEY","1951","YEAR","","NATIONAL","US TOTAL","","","","","","","","00000000","","WHEAT","WHEAT - PRODUCTION, MEASURED IN BU","TOTAL","NOT SPECIFIED","988,161,000",""
"SURVEY","1950","YEAR","","NATIONAL","US TOTAL","","","","","","","","00000000","","CORN","CORN, GRAIN - PRODUCTION, MEASURED IN BU","TOTAL","NOT SPECIFIED","2,764,071,000",""
"SURVEY","1950","YEAR","","NATIONAL","US TOTAL","","","","","","","","00000000","","WHEAT","WHEAT - PRODUCTION, MEASURED IN BU","TOTAL","NOT SPECIFIED","1,019,344,000",""
"SURVEY","1949","YEAR","","NATIONAL","US TOTAL","","","","","","","","00000000","","CORN","CORN, GRAIN - PRODUCTION, MEASURED IN BU","TOTAL","NOT SPECIFIED","2,946,206,000",""
"SURVEY","1949","YEAR","","NATIONAL","US TOTAL","","","","","","","","00000000","","WHEAT","WHEAT - PRODUCTION, MEASURED IN BU","TOTAL","NOT SPECIFIED","1,098,415,000",""
"SURVEY","1948","YEAR","","NATIONAL","US TOTAL","","","","","","","","00000000","","CORN","CORN, GRAIN - PRODUCTION, MEASURED IN BU","TOTAL","NOT SPECIFIED","3,307,038,000",""
"SURVEY","1948","YEAR","","NATIONAL","US TOTAL","","","","","","","","00000000","","WHEAT","WHEAT - PRODUCTION, MEASURED IN BU","TOTAL","NOT SPECIFIED","1,294,911,000",""
"SURVEY","1947","YEAR","","NATIONAL","US TOTAL","","","","","","","","00000000","","CORN","CORN, GRAIN - PRODUCTION, MEASURED IN BU","TOTAL","NOT SPECIFIED","2,108,320,000",""
"SURVEY","1947","YEAR","","NATIONAL","US TOTAL","","","","","","","","00000000","","WHEAT","WHEAT - PRODUCTION, MEASURED IN BU","TOTAL","NOT SPECIFIED","1,358,911,000",""
"SURVEY","1946","YEAR","","NATIONAL","US TOTAL","","","","","","","","00000000","","CORN","CORN, GRAIN - PRODUCTION, MEASURED IN BU","TOTAL","NOT SPECIFIED","2,916,089,000",""
"SURVEY","1946","YEAR","","NATIONAL","US TOTAL","","","","","","","","00000000","","WHEAT","WHEAT - PRODUCTION, MEASURED IN BU","TOTAL","NOT SPECIFIED","1,152,118,000",""
"SURVEY","1945","YEAR","","NATIONAL","US TOTAL","","","","","","","","00000000","","CORN","CORN, GRAIN - PRODUCTION, MEASURED IN BU","TOTAL","NOT SPECIFIED","2,577,449,000",""
"SURVEY","1945","YEAR","","NATIONAL","US TOTAL","","","","","","","","00000000","","WHEAT","WHEAT - PRODUCTION, MEASURED IN BU","TOTAL","NOT SPECIFIED","1,107,623,000",""
"SURVEY","1944","YEAR","","NATIONAL","US TOTAL","","","","","","","","00000000","","CORN","CORN, GRAIN - PRODUCTION, MEASURED IN BU","TOTAL","NOT SPECIFIED","2,801,612,000",""
"SURVEY","1944","YEAR","","NATIONAL","US TOTAL","","","","","","","","00000000","","WHEAT","WHEAT - PRODUCTION, MEASURED IN BU","TOTAL","NOT SPECIFIED","1,060,111,000",""
"SURVEY","1943","YEAR","","NATIONAL","US TOTAL","","","","","","","","00000000","","CORN","CORN, GRAIN - PRODUCTION, MEASURED IN BU","TOTAL","NOT SPECIFIED","2,668,490,000",""
"SURVEY","1943","YEAR","","NATIONAL","US TOTAL","","","","","","","","00000000","","WHEAT","WHEAT - PRODUCTION, MEASURED IN BU","TOTAL","NOT SPECIFIED","843,813,000",""
"SURVEY","1942","YEAR","","NATIONAL","US TOTAL","","","","","","","","00000000","","CORN","CORN, GRAIN - PRODUCTION, MEASURED IN BU","TOTAL","NOT SPECIFIED","2,801,819,000",""
"SURVEY","1942","YEAR","","NATIONAL","US TOTAL","","","","","","","","00000000","","WHEAT","WHEAT - PRODUCTION, MEASURED IN BU","TOTAL","NOT SPECIFIED","969,381,000",""
"SURVEY","1941","YEAR","","NATIONAL","US TOTAL","","","","","","","","00000000","","CORN","CORN, GRAIN - PRODUCTION, MEASURED IN BU","TOTAL","NOT SPECIFIED","2,414,445,000",""
"SURVEY","1941","YEAR","","NATIONAL","US TOTAL","","","","","","","","00000000","","WHEAT","WHEAT - PRODUCTION, MEASURED IN BU","TOTAL","NOT SPECIFIED","941,970,000",""
"SURVEY","1940","YEAR","","NATIONAL","US TOTAL","","","","","","","","00000000","","CORN","CORN, GRAIN - PRODUCTION, MEASURED IN BU","TOTAL","NOT SPECIFIED","2,206,882,000",""
"SURVEY","1940","YEAR","","NATIONAL","US TOTAL","","","","","","","","00000000","","WHEAT","WHEAT - PRODUCTION, MEASURED IN BU","TOTAL","NOT SPECIFIED","814,646,000",""
"SURVEY","1939","YEAR","","NATIONAL","US TOTAL","","","","","","","","00000000","","CORN","CORN, GRAIN - PRODUCTION, MEASURED IN BU","TOTAL","NOT SPECIFIED","2,341,602,000",""
"SURVEY","1939","YEAR","","NATIONAL","US TOTAL","","","","","","","","00000000","","WHEAT","WHEAT - PRODUCTION, MEASURED IN BU","TOTAL","NOT SPECIFIED","741,210,000",""
"SURVEY","1938","YEAR","","NATIONAL","US TOTAL","","","","","","","","00000000","","CORN","CORN, GRAIN - PRODUCTION, MEASURED IN BU","TOTAL","NOT SPECIFIED","2,300,095,000",""
"SURVEY","1938","YEAR","","NATIONAL","US TOTAL","","","","","","","","00000000","","WHEAT","WHEAT - PRODUCTION, MEASURED IN BU","TOTAL","NOT SPECIFIED","919,913,000",""
"SURVEY","1937","YEAR","","NATIONAL","US TOTAL","","","","","","","","00000000","","CORN","CORN, GRAIN - PRODUCTION, MEASURED IN BU","TOTAL","NOT SPECIFIED","2,349,425,000",""
"SURVEY","1937","YEAR","","NATIONAL","US TOTAL","","","","","","","","00000000","","WHEAT","WHEAT - PRODUCTION, MEASURED IN BU","TOTAL","NOT SPECIFIED","873,914,000",""
"SURVEY","1936","YEAR","","NATIONAL","US TOTAL","","","","","","","","00000000","","CORN","CORN, GRAIN - PRODUCTION, MEASURED IN BU","TOTAL","NOT SPECIFIED","1,258,673,000",""
"SURVEY","1936","YEAR","","NATIONAL","US TOTAL","","","","","","","","00000000","","WHEAT","WHEAT - PRODUCTION, MEASURED IN BU","TOTAL","NOT SPECIFIED","629,880,000",""
"SURVEY","1935","YEAR","","NATIONAL","US TOTAL","","","","","","","","00000000","","CORN","CORN, GRAIN - PRODUCTION, MEASURED IN BU","TOTAL","NOT SPECIFIED","2,001,367,000",""
"SURVEY","1935","YEAR","","NATIONAL","US TOTAL","","","","","","","","00000000","","WHEAT","WHEAT - PRODUCTION, MEASURED IN BU","TOTAL","NOT SPECIFIED","628,227,000",""
"SURVEY","1934","YEAR","","NATIONAL","US TOTAL","","","","","","","","00000000","","CORN","CORN, GRAIN - PRODUCTION, MEASURED IN BU","TOTAL","NOT SPECIFIED","1,146,734,000",""
"SURVEY","1934","YEAR","","NATIONAL","US TOTAL","","","","","","","","00000000","","WHEAT","WHEAT - PRODUCTION, MEASURED IN BU","TOTAL","NOT SPECIFIED","526,052,000",""
"SURVEY","1933","YEAR","","NATIONAL","US TOTAL","","","","","","","","00000000","","CORN","CORN, GRAIN - PRODUCTION, MEASURED IN BU","TOTAL","NOT SPECIFIED","2,104,725,000",""
"SURVEY","1933","YEAR","","NATIONAL","US TOTAL","","","","","","","","00000000","","WHEAT","WHEAT - PRODUCTION, MEASURED IN BU","TOTAL","NOT SPECIFIED","552,215,000",""
"SURVEY","1932","YEAR","","NATIONAL","US TOTAL","","","","","","","","00000000","","CORN","CORN, GRAIN - PRODUCTION, MEASURED IN BU","TOTAL","NOT SPECIFIED","2,578,685,000",""
"SURVEY","1932","YEAR","","NATIONAL","US TOTAL","","","","","","","","00000000","","WHEAT","WHEAT - PRODUCTION, MEASURED IN BU","TOTAL","NOT SPECIFIED","756,307,000",""
"SURVEY","1931","YEAR","","NATIONAL","US TOTAL","","","","","","","","00000000","","CORN","CORN, GRAIN - PRODUCTION, MEASURED IN BU","TOTAL","NOT SPECIFIED","2,229,903,000",""
"SURVEY","1931","YEAR","","NATIONAL","US TOTAL","","","","","","","","00000000","","WHEAT","WHEAT - PRODUCTION, MEASURED IN BU","TOTAL","NOT SPECIFIED","941,540,000",""
"SURVEY","1930","YEAR","","NATIONAL","US TOTAL","","","","","","","","00000000","","CORN","CORN, GRAIN - PRODUCTION, MEASURED IN BU","TOTAL","NOT SPECIFIED","1,757,297,000",""
"SURVEY","1930","YEAR","","NATIONAL","US TOTAL","","","","","","","","00000000","","WHEAT","WHEAT - PRODUCTION, MEASURED IN BU","TOTAL","NOT SPECIFIED","886,522,000",""
"SURVEY","1929","YEAR","","NATIONAL","US TOTAL","","","","","","","","00000000","","CORN","CORN, GRAIN - PRODUCTION, MEASURED IN BU","TOTAL","NOT SPECIFIED","2,135,038,000",""
"SURVEY","1929","YEAR","","NATIONAL","US TOTAL","","","","","","","","00000000","","WHEAT","WHEAT - PRODUCTION, MEASURED IN BU","TOTAL","NOT SPECIFIED","824,183,000",""
"SURVEY","1928","YEAR","","NATIONAL","US TOTAL","","","","","","","","00000000","","CORN","CORN, GRAIN - PRODUCTION, MEASURED IN BU","TOTAL","NOT SPECIFIED","2,260,990,000",""
"SURVEY","1928","YEAR","","NATIONAL","US TOTAL","","","","","","","","00000000","","WHEAT","WHEAT - PRODUCTION, MEASURED IN BU","TOTAL","NOT SPECIFIED","914,373,000",""
"SURVEY","1927","YEAR","","NATIONAL","US TOTAL","","","","","","","","00000000","","CORN","CORN, GRAIN - PRODUCTION, MEASURED IN BU","TOTAL","NOT SPECIFIED","2,218,189,000",""
"SURVEY","1927","YEAR","","NATIONAL","US TOTAL","","","","","","","","00000000","","WHEAT","WHEAT - PRODUCTION, MEASURED IN BU","TOTAL","NOT SPECIFIED","875,059,000",""
"SURVEY","1926","YEAR","","NATIONAL","US TOTAL","","","","","","","","00000000","","CORN","CORN, GRAIN - PRODUCTION, MEASURED IN BU","TOTAL","NOT SPECIFIED","2,140,207,000",""
"SURVEY","1926","YEAR","","NATIONAL","US TOTAL","","","","","","","","00000000","","WHEAT","WHEAT - PRODUCTION, MEASURED IN BU","TOTAL","NOT SPECIFIED","832,213,000",""
"SURVEY","1925","YEAR","","NATIONAL","US TOTAL","","","","","","","","00000000","","CORN","CORN, GRAIN - PRODUCTION, MEASURED IN BU","TOTAL","NOT SPECIFIED","2,382,288,000",""
"SURVEY","1925","YEAR","","NATIONAL","US TOTAL","","","","","","","","00000000","","WHEAT","WHEAT - PRODUCTION, MEASURED IN BU","TOTAL","NOT SPECIFIED","668,700,000",""
"SURVEY","1924","YEAR","","NATIONAL","US TOTAL","","","","","","","","00000000","","CORN","CORN, GRAIN - PRODUCTION, MEASURED IN BU","TOTAL","NOT SPECIFIED","1,860,112,000",""
"SURVEY","1924","YEAR","","NATIONAL","US TOTAL","","","","","","","","00000000","","WHEAT","WHEAT - PRODUCTION, MEASURED IN BU","TOTAL","NOT SPECIFIED","841,617,000",""
"SURVEY","1923","YEAR","","NATIONAL","US TOTAL","","","","","","","","00000000","","CORN","CORN, GRAIN - PRODUCTION, MEASURED IN BU","TOTAL","NOT SPECIFIED","2,429,551,000",""
"SURVEY","1923","YEAR","","NATIONAL","US TOTAL","","","","","","","","00000000","","WHEAT","WHEAT - PRODUCTION, MEASURED IN BU","TOTAL","NOT SPECIFIED","759,482,000",""
"SURVEY","1922","YEAR","","NATIONAL","US TOTAL","","","","","","","","00000000","","CORN","CORN, GRAIN - PRODUCTION, MEASURED IN BU","TOTAL","NOT SPECIFIED","2,229,496,000",""
"SURVEY","1922","YEAR","","NATIONAL","US TOTAL","","","","","","","","00000000","","WHEAT","WHEAT - PRODUCTION, MEASURED IN BU","TOTAL","NOT SPECIFIED","846,649,000",""
"SURVEY","1921","YEAR","","NATIONAL","US TOTAL","","","","","","","","00000000","","CORN","CORN, GRAIN - PRODUCTION, MEASURED IN BU","TOTAL","NOT SPECIFIED","2,556,924,000",""
"SURVEY","1921","YEAR","","NATIONAL","US TOTAL","","","","","","","","00000000","","WHEAT","WHEAT - PRODUCTION, MEASURED IN BU","TOTAL","NOT SPECIFIED","818,964,000",""
"SURVEY","1920","YEAR","","NATIONAL","US TOTAL","","","","","","","","00000000","","CORN","CORN, GRAIN - PRODUCTION, MEASURED IN BU","TOTAL","NOT SPECIFIED","2,695,085,000",""
"SURVEY","1920","YEAR","","NATIONAL","US TOTAL","","","","","","","","00000000","","WHEAT","WHEAT - PRODUCTION, MEASURED IN BU","TOTAL","NOT SPECIFIED","843,277,000",""
"SURVEY","1919","YEAR","","NATIONAL","US TOTAL","","","","","","","","00000000","","CORN","CORN, GRAIN - PRODUCTION, MEASURED IN BU","TOTAL","NOT SPECIFIED","2,341,870,000",""
"SURVEY","1919","YEAR","","NATIONAL","US TOTAL","","","","","","","","00000000","","WHEAT","WHEAT - PRODUCTION, MEASURED IN BU","TOTAL","NOT SPECIFIED","952,097,000",""
"SURVEY","1918","YEAR","","NATIONAL","US TOTAL","","","","","","","","00000000","","CORN","CORN, GRAIN - PRODUCTION, MEASURED IN BU","TOTAL","NOT SPECIFIED","2,441,249,000",""
"SURVEY","1918","YEAR","","NATIONAL","US TOTAL","","","","","","","","00000000","","WHEAT","WHEAT - PRODUCTION, MEASURED IN BU","TOTAL","NOT SPECIFIED","904,130,000",""
"SURVEY","1917","YEAR","","NATIONAL","US TOTAL","","","","","","","","00000000","","CORN","CORN, GRAIN - PRODUCTION, MEASURED IN BU","TOTAL","NOT SPECIFIED","2,908,242,000",""
"SURVEY","1917","YEAR","","NATIONAL","US TOTAL","","","","","","","","00000000","","WHEAT","WHEAT - PRODUCTION, MEASURED IN BU","TOTAL","NOT SPECIFIED","619,790,000",""
"SURVEY","1916","YEAR","","NATIONAL","US TOTAL","","","","","","","","00000000","","CORN","CORN, GRAIN - PRODUCTION, MEASURED IN BU","TOTAL","NOT SPECIFIED","2,425,206,000",""
"SURVEY","1916","YEAR","","NATIONAL","US TOTAL","","","","","","","","00000000","","WHEAT","WHEAT - PRODUCTION, MEASURED IN BU","TOTAL","NOT SPECIFIED","634,572,000",""
"SURVEY","1915","YEAR","","NATIONAL","US TOTAL","","","","","","","","00000000","","CORN","CORN, GRAIN - PRODUCTION, MEASURED IN BU","TOTAL","NOT SPECIFIED","2,829,044,000",""
"SURVEY","1915","YEAR","","NATIONAL","US TOTAL","","","","","","","","00000000","","WHEAT","WHEAT - PRODUCTION, MEASURED IN BU","TOTAL","NOT SPECIFIED","1,008,637,000",""
"SURVEY","1914","YEAR","","NATIONAL","US TOTAL","","","","","","","","00000000","","CORN","CORN, GRAIN - PRODUCTION, MEASURED IN BU","TOTAL","NOT SPECIFIED","2,523,750,000",""
"SURVEY","1914","YEAR","","NATIONAL","US TOTAL","","","","","","","","00000000","","WHEAT","WHEAT - PRODUCTION, MEASURED IN BU","TOTAL","NOT SPECIFIED","897,487,000",""
"SURVEY","1913","YEAR","","NATIONAL","US TOTAL","","","","","","","","00000000","","CORN","CORN, GRAIN - PRODUCTION, MEASURED IN BU","TOTAL","NOT SPECIFIED","2,272,540,000",""
"SURVEY","1913","YEAR","","NATIONAL","US TOTAL","","","","","","","","00000000","","WHEAT","WHEAT - PRODUCTION, MEASURED IN BU","TOTAL","NOT SPECIFIED","751,101,000",""
"SURVEY","1912","YEAR","","NATIONAL","US TOTAL","","","","","","","","00000000","","CORN","CORN, GRAIN - PRODUCTION, MEASURED IN BU","TOTAL","NOT SPECIFIED","2,947,842,000",""
"SURVEY","1912","YEAR","","NATIONAL","US TOTAL","","","","","","","","00000000","","WHEAT","WHEAT - PRODUCTION, MEASURED IN BU","TOTAL","NOT SPECIFIED","730,011,000",""
"SURVEY","1911","YEAR","","NATIONAL","US TOTAL","","","","","","","","00000000","","CORN","CORN, GRAIN - PRODUCTION, MEASURED IN BU","TOTAL","NOT SPECIFIED","2,474,635,000",""
"SURVEY","1911","YEAR","","NATIONAL","US TOTAL","","","","","","","","00000000","","WHEAT","WHEAT - PRODUCTION, MEASURED IN BU","TOTAL","NOT SPECIFIED","618,166,000",""
"SURVEY","1910","YEAR","","NATIONAL","US TOTAL","","","","","","","","00000000","","CORN","CORN, GRAIN - PRODUCTION, MEASURED IN BU","TOTAL","NOT SPECIFIED","2,852,794,000",""
"SURVEY","1910","YEAR","","NATIONAL","US TOTAL","","","","","","","","00000000","","WHEAT","WHEAT - PRODUCTION, MEASURED IN BU","TOTAL","NOT SPECIFIED","625,476,000",""
"SURVEY","1909","YEAR","","NATIONAL","US TOTAL","","","","","","","","00000000","","CORN","CORN, GRAIN - PRODUCTION, MEASURED IN BU","TOTAL","NOT SPECIFIED","2,611,157,000",""
"SURVEY","1909","YEAR","","NATIONAL","US TOTAL","","","","","","","","00000000","","WHEAT","WHEAT - PRODUCTION, MEASURED IN BU","TOTAL","NOT SPECIFIED","683,927,000",""
"SURVEY","1908","YEAR","","NATIONAL","US TOTAL","","","","","","","","00000000","","CORN","CORN, GRAIN - PRODUCTION, MEASURED IN BU","TOTAL","NOT SPECIFIED","2,566,742,000",""
"SURVEY","1908","YEAR","","NATIONAL","US TOTAL","","","","","","","","00000000","","WHEAT","WHEAT - PRODUCTION, MEASURED IN BU","TOTAL","NOT SPECIFIED","642,818,000",""
